[{"family":"MaterialIcons","fonts":[{"asset":"fonts/MaterialIcons-Regular.otf"}]},{"family":"packages/flutter_iconly/IconlyBold","fonts":[{"asset":"packages/flutter_iconly/fonts/iconly_bold.ttf"}]},{"family":"packages/flutter_iconly/IconlyLight","fonts":[{"asset":"packages/flutter_iconly/fonts/IconlyLight.ttf"}]},{"family":"packages/flutter_iconly/IconlyBroken","fonts":[{"asset":"packages/flutter_iconly/fonts/IconlyBroken.ttf"}]},{"family":"packages/cupertino_icons/CupertinoIcons","fonts":[{"asset":"packages/cupertino_icons/assets/CupertinoIcons.ttf"}]}]