{
    "title": "U-Kristu Engomeni",
    "songs": {
        "1": "Vuthelani Ixilongo",
        "2": "Emnyango",
        "3": "Ubuso ngoBuso",
        "4": "Uyeza",
        "5": "Kude Kangakanani ne-Khaya",
        "6": "U-Yesu Uyeza",
        "7": "Amagugu",
        "8": "Xa Sebe Bizwa Phezulu",
        "9": "U-Yesu Uyeza Kwakhona",
        "10": "Sohlangana Emlanjeni",
        "11": "Ndiza Kukulandela",
        "12": "Kukho Umthombo",
        "13": "Mhlophe Kune-Khephu",
        "14": "Phulaphula Imali Isiwa",
        "15": "U-Yesu Uyandithanda",
        "16": "Lumkani Zinyawana",
        "17": "Luthando Olusivuyisayo",
        "18": "Phambili Ma-Kristu!",
        "19": "Linda Mphefumlo",
        "20": "Vuka, Moya Wam",
        "21": "Ndiyeza Emnqamlezweni",
        "22": "Nkosi Ndive",
        "23": "Ndizalise Ngoku",
        "24": "Ufuneka Kum Onke Amaxesha",
        "25": "Ndinikela Konke",
        "26": "Njengoko Ndinjalo",
        "27": "Sivuselele Kwakhona",
        "28": "Thabatha Ixesha Ukuba Ngcwele",
        "29": "Hlala Nam",
        "30": "Uratya",
        "31": "Langa Lomphefumlo Wam",
        "32": "Isikhuselo Ngexesha Lesaqhwithi",
        "33": "Uya Ndikhokela",
        "34": "Kuhle Emoyeni Wam",
        "35": "Yayama Ezingalweni Zaphakade",
        "36": "Lukhangele Kuwe Ukholo Lwam",
        "37": "Kufuphi Nawe Thixo Wam",
        "38": "Yima E-Dwaleni",
        "39": "Iliwa Eliqinileyo",
        "40": "Themba Uthobele",
        "41": "U-Thixo Makabe Nani",
        "42": "Asisoze Sahlukane",
        "43": "Ukulala ku-Yesu",
        "44": "U-Msindisi Wam Kuqala",
        "45": "Ndiphe i-Bhaibhile",
        "46": "Amazwi Amangalisayo",
        "47": "Indonga ze-Jordane",
        "48": "Kuya Kubakho Uvuyo",
        "49": "Ingcinga Eyolileyo",
        "50": "Kuya Kube Kuyole",
        "51": "Sibhaptize Ngokutsha",
        "52": "Mthombo Wentsikelelo Zonke",
        "53": "Moya Oyingcwele, Mkhokeli Otembekileyo",
        "54": "Intliziyo Ehlambulukileyo",
        "55": "Uhlanjiwe-na Egazini?",
        "56": "Nkosi, Ndiyeza Ekhaya",
        "57": "Ovumayo",
        "58": "Nkosi Yak' Konke",
        "59": "Yesu, Mthandi Womphefumlo Wam",
        "60": "Mgcobo Wentliziyo Ezinothando",
        "61": "Qokela Ngo-Yesu",
        "62": "Yesu Wam Ndiya Kuthanda",
        "63": "Igazi Kuphela",
        "64": "Xela Ku-Yesu",
        "65": "Kumnandi Ukuthemba u-Yesu",
        "66": "Usuku Oluhle",
        "67": "Ukusinga E-Ziyon",
        "68": "Ndikhululwe",
        "69": "Lindela Ngase Manzini Okuphila",
        "70": "Siyakuma Njani Emgwebeni?",
        "71": "Libhaliwe-na Igama Lam Khona?",
        "72": "Ukugweba Sekuqalile",
        "73": "Xa Angenayo u-Kumkani",
        "74": "Ukuza ne-Zithungu",
        "75": "Baziseni",
        "76": "Hlangulani Abatshabalalayo",
        "77": "Ndiyathanda Ukuxela Indaba",
        "78": "Ukufuna Abalahlekileyo",
        "79": "Ukubizwa Kwa Bavuni",
        "80": "Sebenzani",
        "81": "Buyeza Ubusuku",
        "82": "Kusasa",
        "83": "Lisikelelwe Igama",
        "84": "Sihlabela Sihamba",
        "85": "Ndivuma Amandla ka-Thixo",
        "86": "O Nqula Ukumkani",
        "87": "Bawo Siza Kuwe",
        "88": "Ungandidluli",
        "89": "Yure Emnandi Yokuthandaza",
        "90": "Waphela Umsebenzi Wentsuku Ezintandathu",
        "91": "Lindani Nithandaze",
        "92": "Musani Ukuyilibala I-Sabatha",
        "93": "Lusuku Lokuphumla Nokugcoba",
        "94": "Isikolo Se-Sabatha",
        "95": "Usilondolozile u-Thixo",
        "96": "Luvuyele, Luveyele Langa Lokuphumla",
        "97": "U-Yesu Uya Sisindisa",
        "98": "U-Msindisi Unam",
        "99": "Umnqamlezo Omangalisayo",
        "100": "U-Yesu Ungomhlobo",
        "101": "U-Yesu Uya Biza",
        "102": "Mvulele Angene",
        "103": "Nimelwe Kuzalwa Kutsha",
        "104": "Yiza Mkhululi",
        "105": "Unako Ukukhulula",
        "106": "Yakha Phezu Kwe-Liwa",
        "107": "Ndibalisele Ngo-Yesu",
        "108": "Ubiza Ngothando Nangokuthambileyo",
        "109": "Uvavanyiwe Uyalambatha",
        "110": "Banethamsanqa Abenzi",
        "111": "Noko Amnye",
        "112": "Ubom Ngokukhangela",
        "113": "Uyabiza",
        "114": "Ucango Luvulelwe Mna",
        "115": "Igqira Elikhulu",
        "116": "Nento Ku-Yesu",
        "117": "Nkosi, Ndiyeza",
        "118": "U-Yesu Usihlaule Sonke",
        "119": "Iliza Elihlambululayo",
        "120": "Ndiyakholwa",
        "121": "Ndovuma Ngothando Luka-Yesu",
        "122": "Kufuphi Ngakumbi",
        "123": "Elona Gama Lingcwele",
        "124": "Mayibe Ngu-Kristu, Ingabi Ndim",
        "125": "Ukhanyo Entliziyweni",
        "126": "Okoko Ndikhululweyo",
        "127": "Uya Ndithanda Nam",
        "128": "Yure Yomthandazo",
        "129": "Yiza Yesu Usithamsanqele",
        "130": "Ndisondeze",
        "131": "Njengo-Yesu Ngakumbi",
        "132": "Kufuphi Nomnqamlezo",
        "133": "Ukuhamba No-Thixo",
        "134": "Uthando Olungummangaliso",
        "135": "Ndikuthanda Ngakumbi, Nkosi",
        "136": "Ndikhumbul' i-Kalvari",
        "137": "Ndinike u-Yesu",
        "138": "Ukuzinikela Ngokupheleleyo",
        "139": "Ndimfumene u-Mhlobo",
        "140": "Ilizwi Lika-Yesu",
        "141": "Ndingowakho Ndonke",
        "142": "Athi Ukuba Mnandi!",
        "143": "Nkosi, Sindulule",
        "144": "Kumhlaba Ophakamileyo",
        "145": "Mus' Ukwala",
        "146": "Ubomi Bakho Ngaphakathi Kwam",
        "147": "Nditsalele Kufuphi Nawe",
        "148": "Naphina No-Yesu",
        "149": "Hamba Ekukhanyeni",
        "150": "Baphi Abavuni!",
        "151": "Zobakho-na Inkwenkwezi?",
        "152": "Thetha Nom-Phefumlo Wam",
        "153": "Namhlanje",
        "154": "Mlindi Ndixelele",
        "155": "Ndoya Apho Undithuma Khona",
        "156": "Amazwi Omsindo Akafuneki",
        "157": "Ixesha Lokuvuna",
        "158": "Nxhama, Mini Yovuyo",
        "159": "Ndikufuna Kakhulu",
        "160": "Ndigcinelwe u-Yesu",
        "161": "Mna ne-Nkosi Yam",
        "162": "Yonke Indlela",
        "163": "Ndikho, Thuma Mna",
        "164": "Ezinyaweni Zika-Yesu",
        "165": "Ndiyakuthanda",
        "166": "Liwa Laphakade",
        "167": "Isiseko Esiqinileyo",
        "168": "U-Yehova Ngu-Malusi Wam",
        "169": "Ndlalifa Yombuso",
        "170": "Menzi No-Kumkani Wam",
        "171": "Kuyinina Ngobusuku?",
        "172": "Koda Kube Nini?",
        "173": "Olo Kholo!",
        "174": "Liyavuyisa!",
        "175": "Msindisi, Njengo-Malusi",
        "176": "Themba Elinoyolo",
        "177": "Akukho Busuku Khona",
        "178": "U-Kristu Uyabuya",
        "179": "Nanko Umyeni",
        "180": "I-Yure Asiyazi",
        "181": "Silindele Ngokulinda",
        "182": "Imitha Yalo Ntsasa",
        "183": "\"Qinisa Ndide Ndifike\"",
        "184": "Luvuyo Ehlabathini",
        "185": "Ukuba Khona!",
        "186": "Nkosi Sihlangene",
        "187": "Iculo Lokwahlukana",
        "188": "Umoni Omkhulu",
        "189": "Akukho Mzi Uhleliyo Apha",
        "190": "Igama Elinexabiso",
        "191": "Ngqiniseko Enoyolo",
        "192": "Uzuko Kwigama Lakhe",
        "193": "Mvumele Akulaule",
        "194": "Uthando Ekhaya",
        "195": "Au, Elo-Dangatye!",
        "196": "Amandla AseGazini",
        "197": "Akusayi Kubakho Ntsunguzi",
        "198": "Oyena Mhlobo Ngu-Yesu",
        "199": "Zukisani u-Thixo",
        "200": "Ngcwele, Ngcwele, Ngcwele",
        "201": "Wandikhupha Emgxobhozweni",
        "202": "Yesu Nkosi Ndiqhube",
        "203": "Umthuthuzeli Ukhona",
        "204": "Buya Nyana Wam",
        "205": "Yiza Moni!",
        "206": "Wenzeni Wena?",
        "207": "Ndabon' Othile Emthini",
        "208": "Thulani Zolani",
        "209": "O! Ukuba Nawe Nkosi",
        "210": "U-Kristu Wafela Izono",
        "211": "Imvula Yentsikelelo",
        "212": "Kufika Kum Ubumnandi",
        "213": "Ingoma Yam",
        "214": "Undikhathalele Na U-Yesu?",
        "215": "Lindela Ungasoli",
        "216": "Andindedwa",
        "217": "Umbulelo Ku-Yesu",
        "218": "Sinye Isiseko Senkolo",
        "219": "Ndikhokhele O Yehova",
        "220": "O Izwe Lasekhaya!",
        "221": "Kwakukhala Ihobe",
        "222": "Ndinqaba Kwingalo ZikaYesu",
        "223": "Landela Yonk' Indlela",
        "224": "Izibane Mazivuthe",
        "225": "Yima Ngesibindi",
        "226": "Phants' Ukoyiseka",
        "227": "Emnqamlezweni",
        "228": "Dumisani Umkhululi Wethu",
        "229": "Ngubani Ongecala LeNkosi",
        "230": "Ndiyindlela",
        "231": "Vulela U-Yesu Intliziyo Yakho",
        "232": "Andisoze Ndikushiye",
        "233": "Balisa Indaba Endala",
        "234": "Yesu Kukukhanya Kwezwe",
        "235": "Labuya Ilanga Elingcwele",
        "236": "Vuka Moya Wam Udumise",
        "237": "Sukumelan' U-Yesu",
        "238": "Ngobani Abo?",
        "239": "Udiniwe Na?",
        "240": "Bona UMsindisi Emnyango",
        "241": "Ilizwe LaseBheula",
        "242": "Iqhina Elisikelelekileyo",
        "243": "Moya Wam Vuka!",
        "244": "Yiza Ku-Yesu",
        "245": "Akukho Gama Limbi",
        "246": "Theth' Izwana NgoYesu",
        "247": "Mazikhale Iintsimbi Luvuyo Namhla",
        "248": "Bona U-Yesu Uyadlula",
        "249": "Yayinye Imvu Engekhoyo",
        "250": "Mus' Ukuhendeka",
        "251": "Soze Ndisindiswe Ngokukhala",
        "252": "Themba U-Yesu",
        "253": "UMalusi Umile",
        "254": "Dumisa U-Yehova",
        "255": "Ndifuna Wena Yesu",
        "256": "O, Yehova Mncedi",
        "257": "Ukuqina Okweliwa",
        "258": "Lunye Ukholo Nomthetho",
        "259": "Siyakuhlangana Yini?",
        "260": "Ntili Entle YaseBheula",
        "261": "Ntili Entle Yase-Eden",
        "262": "Ndimthini na U-Yesu?",
        "263": "Ngenisani Konke Okweshumi",
        "264": "Mini Engcwele YeNkosi",
        "265": "Luphi Uxolo?",
        "266": "Yesu Ndokulandela",
        "267": "Masihlwayele Imbewu Yokulunga",
        "268": "Nkosi Umoya Uyavuthuza",
        "269": "UMsindisi Ongumangaliso",
        "270": "UMsindisi Wayolela",
        "271": "Nokuba Izono Zibomvu",
        "272": "Phosa Intambo Yobomi",
        "273": "Yayama Kwingalo ZikaYesu",
        "274": "UMsindisi Wam Ngowakho Nawe",
        "275": "Iphakade! Phi?",
        "276": "U-Yesu Wandifuna",
        "277": "Kukhanya Ndikhokhele",
        "278": "Ndikhethele Indlela",
        "279": "Yizani Nina Basindwayo",
        "280": "Iingoma Ezimnandi",
        "281": "Kwavela Inkwenkwezi Ebusuku",
        "282": "Amawaka-waka Ehadi",
        "283": "Inganguwe? Ingaba ndim?",
        "284": "Imihla Idlula",
        "285": "Kukho Indawo Yokuphumla",
        "286": "O! Ndithwale",
        "287": "Ngexesha Lokulingwa",
        "288": "Into Yokupha U-Yesu",
        "289": "Ndithathe Ndinje.",
        "290": "Sisebenzela U-Yesu",
        "291": "Ifanele Imvana",
        "292": "NdingokaYesu Ngokupheleleyo",
        "293": "Nkqonkqo! Nkqonkqo!",
        "294": "Ndambathise Ngobomi BaKhe",
        "295": "Hlabani Umkhosi",
        "296": "Msindisi Ndikhokhele",
        "297": "Zibethelelwe Emthini Izono Zam",
        "298": "Akukho Okwam, Onke Kokwakho",
        "299": "Masichwayite!",
        "300": "Ikhaya Lokuphumla Abadiniweyo",
        "301": "Nkosi Yam",
        "302": "Sikuyo Indlela Yelizwe Lobomi",
        "303": "Liwa Laphakade",
        "304": "Ikho Indawo",
        "305": "Lizalise Idinga LaKho",
        "306": "Vuthelani Ixilongo",
        "307": "Umthandazo We-Nkosi",
        "308": "Kunikele Onako",
        "309": "Nkosi Unawo Na Umsebenzi?",
        "310": "Phakamisa! Mzalwana, Phakamisa!",
        "311": "Mphakamisele Phezulu",
        "312": "Qubudani KuYehova",
        "313": "Owam Umnqamlezo Ndiwuthwele",
        "314": "Ukholo Luloyiso",
        "315": "Thethanani Futhi",
        "316": "U-Yehova Kukukhanya Kwam",
        "317": "Thixo Akunangqaleko",
        "318": "Ulo-Thixo Omkhulu",
        "319": "Masibulele Ku-Yesu",
        "320": "Sinesipho Esikhulu",
        "321": "Yesu, Wena Uyindlela",
        "322": "Lizwi Linamandla",
        "323": "Sebenzani",
        "324": "Thetha, Nkosi, Ndilindele",
        "325": "Le Mini Osinike Yona",
        "326": "Uyeza Ephahlwe Yimikhosi",
        "327": "Ndi' Ndakuleshesa",
        "328": "Sobheka Phina, Thixo",
        "329": "Sendibhaptizwe",
        "330": "Uyeza U-Mgwebi Omkhulu",
        "331": "Yanga Intliziyo Yam",
        "332": "Lo Nto Ayithiyileyo",
        "333": "Ndithembele KuWe Yesu",
        "334": "Yiva Nkosi Ye-Sabatha",
        "335": "Bawo Ngobubele BaKho",
        "336": "Akwaba Sendivuma",
        "337": "Bawo, Ngobubele Bakho",
        "338": "Moya Oyi-Ngcwele",
        "339": "Sine-Lizwe LikaThixo",
        "340": "U-Yesu Uyasibiza",
        "341": "Nab' Ubomi Bam, Nkosi",
        "342": "Wazithwal' Izono, Yesu",
        "343": "Nanku Ndimi Ndinkqonkqoza",
        "344": "Ndikhangele Ngobubele",
        "345": "Hai, Ukuba Nzima",
        "346": "Namhla Nje Ndivuyile mna",
        "347": "Owaqal' Esemncinane",
        "348": "Nakuba Namhla Thina Siphilile",
        "349": "Kukho Abaqhayisayo",
        "350": "Yizani Ke, Boni, Yizani Kwa Nonke",
        "351": "Usizi Nalu Lumi Lodwa",
        "352": "Uya Kuza Umhla Lowo"
    }
}
